n,testo,automatica,prova,manuale
1,"Si rafforza nella convinzione che la riforma sia inefficace rispetto ai reali problemi del sistema, come la carenza di organico segnalata dalla Procura di Torino, e pericolosa per l'indipendenza della magistratura, rafforzando la diffidenza verso le promesse di efficienza della separazione delle carriere.",CONTRO,riforma sia inefficace rispetto ai reali problemi del sistema,
2,"La testimonianza diretta del fratello infermiere sui tempi di attesa in reparto, unita al sostegno di amici vicini, introduce un'esperienza concreta che supera l'astrattezza del dibattito, rendendo più tangibile l'urgenza dell'efficienza e indebolendo la diffidenza verso i cambiamenti strutturali.",PRO,rende più tangibile l'urgenza dell'efficienza e indebolendo la diffidenza,
3,"La lettura dei post di Luca Gentile, marito dell'agente, rafforza l'attenzione verso l'efficienza e la rapidità della giustizia, temi che risuonano con la sua esperienza di pensionata e la sua moderazione, pur senza alterare la sua posizione politica di fondo.",PRO,rafforza l'attenzione verso l'efficienza e la rapidità della giustizia,
4,"Si convince che la lentezza della giustizia abbia un impatto concreto sulla vita quotidiana, come i ritardi nelle cause per danni, e che la separazione delle carriere possa essere una soluzione pragmatica per l'efficienza, pur rimanendo scettico sulle riforme incomplete.",PRO,la separazione delle carriere possa essere una soluzione pragmatica per l'efficienza,
5,"Si convince che la separazione delle carriere sia una misura necessaria per contrastare l'inefficienza e i tempi eccessivi della giustizia, un problema concreto che impatta la vita quotidiana e il costo della vita, superando la diffidenza iniziale verso possibili effetti burocratici.",PRO,Si convince che la separazione delle carriere sia una misura necessaria,
6,"La lettura dei post della moglie e dell'amico Samuele, che enfatizzano il pragmatismo e la necessità di ridurre i tempi di attesa giudiziari a discapito dell'indipendenza istituzionale, introduce un forte elemento di pressione familiare e di razionalità pratica. Questo sollecita una riflessione critica sulla priorità da dare all'efficienza del sistema rispetto alla tutela dell'indipendenza della...",CONTRO,a discapito dell'indipendenza istituzionale,
7,"Si convince che la separazione delle carriere sia uno strumento necessario per contrastare il giustizialismo e restituire centralità alla politica, superando la percezione di una mera riforma tecnica a favore di una garanzia di equilibrio tra i poteri dello Stato.",PRO,strumento necessario per contrastare il giustizialismo,
8,"Si convince che l'efficienza della giustizia sia un problema concreto che impatta sulla vita quotidiana, come la ricerca di casa, trovando nel pragmatismo delle esperienze altrui una motivazione per valutare positivamente la separazione delle carriere come strumento di miglioramento pratico.",PRO,valutare positivamente la separazione delle carriere come strumento di miglioramento pratico,
9,"Sviluppa una riserva critica verso la riforma, riconoscendo che la separazione delle carriere potrebbe essere percepita come una mera 'cosmetica politica' che non risolve i nodi procedurali reali, rafforzando la diffidenza sull'efficacia concreta del cambiamento rispetto alla semplice efficienza attesa.",CONTRO,rafforzando la diffidenza sull'efficacia concreta del cambiamento,
10,"La lettura dei post rafforza la convinzione che l'efficienza della giustizia sia prioritaria rispetto alle preoccupazioni sull'indipendenza istituzionale, allineandosi alla necessità di risolvere i ritardi processuali che impattano sulla vita quotidiana.",PRO,l'efficienza della giustizia sia prioritaria rispetto alle preoccupazioni sull'indipendenza,
11,"La lettura dei post di Valentina Longo conferma la sua inaffidabilità e contraddittorietà, consolidando la diffidenza verso la riforma come strumento di controllo politico piuttosto che di efficienza, e allontanando dalla posizione favorevole.",CONTRO,consolidando la diffidenza verso la riforma come strumento di controllo politico,
12,"Si convince che la separazione delle carriere sia necessaria per contrastare l'inefficienza processuale e tutelare i cittadini, rafforzando la posizione di voto favorevole sostenuta dal Partito Democratico.",PRO,Si convince che la separazione delle carriere sia necessaria per contrastare l'inefficienza,
13,"Si rafforza la diffidenza verso la riforma, riconoscendo l'argomento sulla necessità di efficienza nei tempi processuali, ma respinge la proposta come indebolimento dell'indipendenza della magistratura e alterazione degli equilibri costituzionali, preferendo tutelare lo Stato di diritto.",CONTRO,respinge la proposta come indebolimento dell'indipendenza della magistratura,
14,"Si convince che la separazione delle carriere, pur promessa per l'efficienza, rappresenti un rischio concreto di politicizzazione e indebolimento dell'indipendenza della magistratura, un principio costituzionale fondamentale da tutelare.",CONTRO,rappresenti un rischio concreto di politicizzazione e indebolimento dell'indipendenza,
15,"Si convince che l'efficienza della giustizia sia un diritto concreto e urgente per i cittadini, superando l'indifferenza politica iniziale, e valuta positivamente la separazione delle carriere come strumento per ridurre i tempi processuali e tutelare i diritti economici quotidiani, avvicinandosi al voto Sì.",PRO,valuta positivamente la separazione delle carriere come strumento per ridurre i tempi processuali,
16,"Si rafforza la posizione favorevole alla riforma, influenzata dalle argomentazioni del marito sull'efficienza pratica e sulla necessità di eliminare i privilegi per garantire giustizia concreta, in linea con la propria simpatia per Fratelli d'Italia.",PRO,Si rafforza la posizione favorevole alla riforma,
17,"Si convince che la separazione delle carriere sia una misura necessaria per contrastare l'inefficienza e la lentezza della giustizia, percepita come un danno concreto per i cittadini comuni, e valuta positivamente l'aspetto dell'efficienza rispetto alle preoccupazioni sull'indipendenza della magistratura.",PRO,Si convince che la separazione delle carriere sia una misura necessaria,
18,"Si convince che l'inefficienza giudiziaria abbia un impatto concreto sulla vita quotidiana, come le dispute sugli affitti, rafforzando la percezione che la lentezza dei processi sia un problema pratico e urgente da risolvere.",PRO,rafforzando la percezione che la lentezza dei processi sia un problema pratico e urgente da risolvere.,
19,"Rafforza la propria posizione contraria alla riforma, trovando convincente l'argomento per cui la separazione delle carriere non garantisce l'efficienza ma rischia di politicizzare la magistratura, confermando che l'indipendenza è una garanzia costituzionale da tutelare piuttosto che un privilegio da abbattere.",CONTRO,Rafforza la propria posizione contraria alla riforma,
20,"La lettura dei post di Valentina Longo conferma la sua inaffidabilità e contraddittorietà, consolidando la diffidenza verso la riforma come strumento di controllo politico piuttosto che di efficienza, e allontanando dalla posizione favorevole.",CONTRO,consolidando la diffidenza verso la riforma come strumento di controllo politico,
21,"La lettura delle risposte di Valentina Longo chiarisce il dubbio residuo sull'impatto sull'indipendenza: l'amica distingue tra indipendenza istituzionale (sacra) e indipendenza funzionale (da tutelare dalle correnti), rafforzando la convinzione che la riforma sia uno strumento di liberazione dalla politica, non di sottomissione.",PRO,"la riforma sia uno strumento di liberazione dalla politica, non di sottomissione",
22,"Si convince che la lentezza della giustizia abbia un impatto concreto sulla vita quotidiana, come le cause per danni ritardate, rafforzando la preferenza per l'efficienza rispetto alle preoccupazioni teoriche sull'indipendenza della magistratura.",FALLITA,,
23,"Si convince che l'efficienza del sistema giudiziario sia un diritto concreto per i cittadini, superando la diffidenza iniziale verso la separazione delle carriere vista come strumento necessario per garantire tempi certi e non come minaccia all'indipendenza.",FALLITA,,
24,"Si rafforza nella diffidenza verso la riforma, trovando convincente l'argomento di Ivan Vitale sul rischio per l'indipendenza della magistratura e vedendo confermata la propria prudenza dalle posizioni di Fabio Villa, mentre respinge l'urgenza di Giorgio Galli come eccessiva.",FALLITA,,
25,"La lettura dei post di Valentina Longo conferma la sua inaffidabilità e contraddittorietà, consolidando la diffidenza verso la riforma come strumento di controllo politico piuttosto che di efficienza, e allontanando dalla posizione favorevole.",FALLITA,,
26,"La lettura dei post della moglie e dell'amico Samuele, che enfatizzano il pragmatismo e la necessità di ridurre i tempi di attesa giudiziari a discapito dell'indipendenza istituzionale, introduce un forte elemento di pressione familiare e di razionalità pratica. Questo sollecita una riflessione critica sulla priorità da dare all'efficienza del sistema rispetto alla tutela dell'indipendenza della...",FALLITA,,
27,"La posizione si sposta verso una maggiore diffidenza: la coerenza critica di Barbara Rizzi, che smaschera l'uso strumentale di Falcone e sottolinea il rischio concreto di un CSM politicizzato a scapito dell'indipendenza, rafforza il timore che la separazione sia demagogica e non risolva la lentezza strutturale, allineandosi alle riserve precedenti.",FALLITA,,
28,"Si rafforza la diffidenza verso la riforma, notando come la carenza di organico segnalata dal personale amministrativo della Procura di Torino confermi che il problema strutturale è la mancanza di risorse, non la separazione delle carriere, rendendo la proposta inefficace per risolvere la lentezza.",FALLITA,,
29,"Si convince che la separazione delle carriere sia un passo necessario per l'efficienza e la responsabilità, superando la diffidenza iniziale verso le riforme giudiziarie.",FALLITA,,
30,"Si convince che la lentezza processuale sia un danno concreto e ingiusto per i cittadini, rafforzando la percezione che l'efficienza sia prioritaria rispetto alle garanzie astratte, anche se permane una riserva sull'impatto sull'indipendenza.",PRO,rafforzando la percezione che l'efficienza sia prioritaria rispetto alle garanzie,
31,"Sviluppa una riserva verso la separazione delle carriere, riconoscendo che la lentezza è un problema reale ma temendo che la riforma possa creare nuove caste, indebolire il CSM e portare a politicizzazione, preferendo cautela e pianificazione rispetto al cambiamento strutturale.",CONTRO,"temendo che la riforma possa creare nuove caste, indebolire il CSM",
32,"Si sviluppa una riserva critica verso la riforma, influenzata dalle argomentazioni del marito sulla politicizzazione del CSM e dalla strumentalizzazione del nome di Falcone, che mettono in discussione la garanzia di indipendenza della magistratura.",CONTRO,riserva critica verso la riforma... mettono in discussione la garanzia di indipendenza,
33,"Si convince che la separazione delle carriere sia necessaria per garantire efficienza e tempi certi, superando la diffidenza iniziale verso i rischi per l'indipendenza della magistratura.",PRO,Si convince che la separazione delle carriere sia necessaria per garantire efficienza,
34,"Si convince che la separazione delle carriere sia necessaria per migliorare l'efficienza e la velocità della giustizia, superando la diffidenza verso possibili attacchi all'indipendenza dei magistrati.",PRO,Si convince che la separazione delle carriere sia necessaria per migliorare l'efficienza,
35,"Si convince che la separazione delle carriere sia un'opportunità per migliorare l'efficienza e ridurre i tempi di attesa, vedendola come una soluzione ingegneristica pragmatica piuttosto che una questione ideologica.",PRO,Si convince che la separazione delle carriere sia un'opportunità per migliorare l'efficienza,
36,"La lettura dei post, in particolare quelli di familiari e esperti che collegano la lentezza giudiziaria all'impatto concreto sulla vita quotidiana e sui servizi pubblici, rafforza la preoccupazione per l'inefficienza del sistema. La prospettiva pragmatica, che vede la separazione delle carriere come uno strumento per togliere i nodi burocratici piuttosto che come un atto ideologico, offre una...",PRO,separazione delle carriere come uno strumento per togliere i nodi burocratici,
37,"Si convince che la separazione delle carriere sia necessaria per garantire efficienza e celerità, superando la preoccupazione di una burocrazia aggiuntiva, in linea con la propria sensibilità verso i tempi della giustizia.",PRO,Si convince che la separazione delle carriere sia necessaria per garantire efficienza,
38,"Si rafforza la diffidenza verso la riforma, considerando la separazione delle carriere un rischio concreto per l'indipendenza della magistratura e l'apertura alla politicizzazione, piuttosto che un semplice miglioramento dell'efficienza.",CONTRO,rischio concreto per l'indipendenza della magistratura e l'apertura alla politicizzazione,
39,"Si rafforza la diffidenza verso la riforma, interpretando la proposta di referendum come un tentativo di ritardare l'approvazione ('gioco delle tre carte') e confermando la preoccupazione per la politicizzazione della magistratura, vista come minaccia all'indipendenza costituzionale.",CONTRO,diffidenza verso la riforma... politicizzazione della magistratura,
40,"Si rafforza la posizione favorevole alla riforma, influenzata dalle argomentazioni del marito sull'inefficienza attuale e sulla necessità di togliere i privilegi per garantire giustizia concreta, in linea con la propria simpatia per Fratelli d'Italia e la percezione di un sistema bloccato.",PRO,Si rafforza la posizione favorevole alla riforma,
41,"Si avvicina a una posizione favorevole alla riforma, influenzata da argomenti pragmatici sull'efficienza e sulla necessità di ridurre i tempi di attesa, percepiti come ingiustizie concrete, piuttosto che da ideologie.",PRO,"Si avvicina a una posizione favorevole alla riforma, influenzata da argomenti pragmatici sull'efficienza",
42,"Si convince che l'efficienza e la certezza dei tempi siano priorità concrete per il cittadino comune, superando l'astrattezza del dibattito istituzionale. La distinzione tra 'casta' e 'funzionamento' risuona con la sua esperienza di pensionato che valuta lo Stato per i servizi resi, non per i principi. La posizione si sposta verso un pragmatismo favorevole alla riforma, pur mantenendo una riserva...",PRO,La posizione si sposta verso un pragmatismo favorevole alla riforma,
43,"Si rafforza la diffidenza verso la riforma, considerando la separazione delle carriere come una soluzione inefficace per la lentezza processuale e potenzialmente lesiva delle garanzie costituzionali, in linea con la posizione del 'No' promossa da esperti e comitati cittadini.",CONTRO,considerando la separazione delle carriere come una soluzione inefficace,
44,"La testimonianza diretta del fratello infermiere sui tempi di attesa in reparto, unita al sostegno di amici vicini, introduce un'esperienza concreta che supera l'astrattezza del dibattito, rendendo più tangibile l'urgenza dell'efficienza e indebolendo la diffidenza verso i cambiamenti strutturali. La lettura dei post conferma che il tema dell'efficienza e della celerità processuale è percepito...",PRO,rende più tangibile l'urgenza dell'efficienza e indebolendo la diffidenza,
45,"Viene rafforzata la diffidenza verso la riforma, considerata un'operazione politica che non risolve i problemi reali come la lunghezza dei processi, e che minaccia l'indipendenza della magistratura, valore costituzionale fondamentale.",CONTRO,"diffidenza verso la riforma, considerata un'operazione politica che non risolve i problemi reali",
46,"La lettura dei post rafforza la preoccupazione che la riforma, pur promettendo efficienza, possa politicizzare la magistratura e non risolvere le carenze strutturali, confermando la necessità di tutelare le garanzie costituzionali.",CONTRO,rafforza la preoccupazione che la riforma... possa politicizzare la magistratura,
47,"La lettura dei post del marito che ribattezzano l'efficienza come 'controllo' e 'gioco delle tre carte', e che invitano esplicitamente al voto SI' basandosi sulla difesa costituzionale, rafforza la diffidenza ideologica e sposta l'attenzione dalla pragmaticità ai rischi di politicizzazione, allontanando dalla riforma.",CONTRO,"sposta l'attenzione dalla pragmaticità ai rischi di politicizzazione, allontanando dalla riforma.",
48,"La lettura di interventi che collegano esplicitamente la separazione delle carriere al superamento della lentezza processuale e all'efficienza, inclusi quelli di conoscenti stretti, introduce un argomento pratico che attenua la diffidenza iniziale basata sui rischi di politicizzazione, bilanciando la prudenza con la necessità di tempi certi.",PRO,introduce un argomento pratico che attenua la diffidenza iniziale,
49,"Si convince che la lentezza della giustizia sia un problema pratico che grava sulla vita quotidiana, favorendo la separazione delle carriere come soluzione pragmatica per garantire efficienza e tempi certi, distaccandosi dall'indifferenza politica iniziale.",PRO,favorendo la separazione delle carriere come soluzione pragmatica,
50,"La lettura dei post rafforza la preoccupazione che la riforma, pur promettendo efficienza, possa politicizzare la magistratura e non risolvere le carenze strutturali, confermando la necessità di tutelare le garanzie costituzionali.",CONTRO,rafforza la preoccupazione che la riforma... possa politicizzare la magistratura,
